Komponenta;Model;Cena vč. DPH (Kč);Odkaz do e-shopu
Procesor (CPU);AMD Ryzen 5 8500G;3890;https://www.alza.cz/amd-ryzen-5-8500g-d12228892.htm
Základní deska;ASUS PRIME B650M-A WIFI II;3390;https://www.alza.cz/asus-prime-b650m-a-wifi-ii-d9961633.htm
Operační paměť;Kingston FURY 32GB KIT DDR5 6000MHz CL36 Beast White EXPO;2890;https://www.alza.cz/kingston-fury-32gb-kit-ddr5-6000mhz-cl36-beast-white-expo-d7655026.htm
Úložiště (SSD);Samsung 980 1TB;1890;https://www.alza.cz/samsung-980-1tb-d6330366.htm
Počítačová skříň;Fractal Design Pop Air White Solid;2190;https://www.alza.cz/fractal-design-pop-air-white-solid-d7256193.htm
Chladič CPU;ARCTIC Freezer 36 White;790;https://www.alza.cz/arctic-freezer-36-white-d12284949.htm
Napájecí zdroj;Seasonic G12 GC-550 Gold;1690;https://www.alza.cz/seasonic-g12-gc-550-gold-d6436894.htm
DVD Mechanika;ASUS DRW-24D5MT (interní);420;https://www.alza.cz/asus-drw-24d5mt-cerna-v-krabici-d4411804.htm
Monitor (27");MSI PRO MP273AW bílý;2590;https://www.alza.cz/27-msi-pro-mp273aw-d7741639.htm
Klávesnice a myš;Logitech Pebble 2 Combo Off-White;1390;https://www.alza.cz/logitech-pebble-2-combo-off-white-cz-sk-d7904322.htm
Operační systém;Doporučeno: Microsoft Windows 11 Pro;0;-
Kabely;Napájecí 230V, HDMI a SATA kabely (součástí);0;-
CELKOVÁ CENA;;21130;
